<?xml version="1.0" encoding="UTF-8"?>
<templates id="template" xml:space="preserve">
    <t t-extend="FormView.buttons">
        <t t-jquery=".o_form_buttons_edit" t-operation="after">
            <div class="btn-group o_dropdown su_fields_show" groups="group_show_field">
                <button class="o_dropdown_toggler_btn btn btn-sm dropdown-toggle su_btn-show-fields"
                        data-toggle="dropdown" aria-expanded="true">
                    <span class="fa fa-foursquare"></span> Fields <span class="caret"></span>
                </button>
                <div class="wrapper-menu">
                <div class="dropdown-menu-lala">
                    <div class="su_action">
                        <a title="Update" action="update" class="btn btn-default update_fields_show">
                            <i class="fa fa-refresh fa-spin fa-1x fa-fw"
                               title="Update" aria-hidden="true"></i>
                            <span class="sr-only">Update</span>
                        </a>
                    </div>
                    <div class="su_dropdown">
                        <ul class="o_filters_menu" id="ul_fields_show" role="menu">
                            <t t-foreach="widget.viewInfo.fields" t-as="field">
                                <li t-att-name="field">
                                    <span>&#xf00c;</span>
                                    <a>
                                        <t t-esc="widget._get_node_string(field, 'string')" />
                                    </a>
                                    <div class="lala">
                                        <table>
                                            <tr>
                                                <td colspan="2"><input type="text" t-att-value="widget._get_node_string(field, 'string')" /></td>
                                            </tr>
                                            <tr>
                                                <td>
                                                    <t t-raw="widget._get_node_string(field, 'invisible')" />
                                                </td>
                                                <td>Invisible</td>
                                            </tr>
                                            <tr>
                                                <td><t t-raw="widget._get_node_string(field, 'readonly')" /></td>
                                                <td>Readonly</td>
                                            </tr>
                                            <tr>
                                                <td><t t-raw="widget._get_node_string(field, 'required')" /></td>
                                                <td>Required</td>
                                            </tr>
                                            <tr>
                                                <td colspan="2">
                                                    <button action="update" class="btn btn-default update_fields_show" title="Update" style="padding: 1px 5px; margin-top: 5px; width: 100%">
                                                        Update
                                                    </button>
                                                </td>
                                            </tr>
                                        </table>
                                    </div>
                                </li>
                            </t>
                        </ul>
                    </div>
                </div>
                </div>
            </div>
        </t>
    </t>
</templates>